{"stats":{"minecraft:used":{"minecraft:crafting_table":1},"minecraft:picked_up":{"minecraft:birch_log":1},"minecraft:crafted":{"minecraft:birch_planks":4,"minecraft:crafting_table":1},"minecraft:mined":{"minecraft:birch_log":1,"minecraft:birch_leaves":7},"minecraft:custom":{"minecraft:jump":3,"minecraft:time_since_rest":568,"minecraft:crouch_one_cm":23,"minecraft:leave_game":2,"minecraft:play_time":568,"minecraft:time_since_death":568,"minecraft:walk_one_cm":161,"minecraft:sneak_time":23,"minecraft:total_world_time":568,"minecraft:interact_with_crafting_table":2}},"DataVersion":3953}